WORKFLOW, ACTION, DESIRED
https://github.com/redhat-developer/alizer/blob/main/.github/workflows/CI.yml, DeLaGuardo/setup-graalvm@4.0, DeLaGuardo/setup-graalvm@a766aa7b5fcc0a801fa3d4fd521ca299c03c9c00
https://github.com/redhat-developer/alizer/blob/main/.github/workflows/checkLang.yml, GuillaumeFalourd/diff-action@v1, GuillaumeFalourd/diff-action@b341507d1da990caceac1b3b31b8f55eebaa2e99
https://github.com/redhat-developer/alizer/blob/main/.github/workflows/checkLang.yml, GuillaumeFalourd/diff-action@v1, GuillaumeFalourd/diff-action@b341507d1da990caceac1b3b31b8f55eebaa2e99
https://github.com/redhat-developer/alizer/blob/main/.github/workflows/release.yml, DeLaGuardo/setup-graalvm@4.0, DeLaGuardo/setup-graalvm@a766aa7b5fcc0a801fa3d4fd521ca299c03c9c00
https://github.com/redhat-developer/alizer/blob/main/.github/workflows/release.yml, battila7/get-version-action@v2, battila7/get-version-action@d97fbc34ceb64d1f5d95f4dfd6dce33521ccccf5
https://github.com/redhat-developer/alizer/blob/main/.github/workflows/release.yml, lstocchi/simple-conventional-changelog@0.0.11, lstocchi/simple-conventional-changelog@13071c09073f5deddf03d44d9af6a8b0f81ef227
https://github.com/redhat-developer/alizer/blob/main/.github/workflows/release.yml, ncipollo/release-action@v1, ncipollo/release-action@a2e71bdd4e7dab70ca26a852f29600c98b33153e
https://github.com/redhat-developer/app-services-ansible/blob/main/.github/workflows/build.yaml, addnab/docker-run-action@v3, addnab/docker-run-action@4f65fabd2431ebc8d299f8e5a018d79a769ae185
https://github.com/redhat-developer/app-services-ansible/blob/main/.github/workflows/build.yaml, mxschmitt/action-tmate@v3.13, mxschmitt/action-tmate@28f608baaa037465aa887c21a7924e9e6b66a9e0
https://github.com/redhat-developer/app-services-ansible/blob/main/.github/workflows/build.yaml, dawidd6/action-ansible-playbook@v2, dawidd6/action-ansible-playbook@5d970176ea4bfd99a3f5004d48e293fe0994eda1
https://github.com/redhat-developer/app-services-api-guidelines/blob/main/.github/workflows/release.yml, rlespinasse/github-slug-action@v4, rlespinasse/github-slug-action@a362e5fb42057a3a23a62218b050838f1bacca5d
https://github.com/redhat-developer/app-services-cli/blob/main/.github/workflows/add-issue-to-project.yml, srggrs/assign-one-project-github-action@1.3.1, srggrs/assign-one-project-github-action@65a8ddab497df42ef268001e67bbf976f8fd39e1
https://github.com/redhat-developer/app-services-cli/blob/main/.github/workflows/changelog.yml, craicoverflow/install-git-chglog@v1, craicoverflow/install-git-chglog@6d338c1d96dcbf12a2115fbe8e5b9817293aae33
https://github.com/redhat-developer/app-services-cli/blob/main/.github/workflows/changelog.yml, stefanzweifel/git-auto-commit-action@v4, stefanzweifel/git-auto-commit-action@3ea6ae190baf489ba007f7c92608f33ce20ef04a
https://github.com/redhat-developer/app-services-cli/blob/main/.github/workflows/commit_lint.yml, wagoid/commitlint-github-action@v4, wagoid/commitlint-github-action@416045160973f9fff174ac6698412cfe7181c3f3
https://github.com/redhat-developer/app-services-cli/blob/main/.github/workflows/gobuild.yml, golangci/golangci-lint-action@v3, golangci/golangci-lint-action@08e2f20817b15149a52b5b3ebe7de50aff2ba8c5
https://github.com/redhat-developer/app-services-cli/blob/main/.github/workflows/issue-labeler.yml, github/issue-labeler@v2.5, github/issue-labeler@6ca237433dbbb8e475241b7f38f4600d9e296c57
https://github.com/redhat-developer/app-services-cli/blob/main/.github/workflows/modular-docs-publish.yml, JamesIves/github-pages-deploy-action@v4.4.1, JamesIves/github-pages-deploy-action@ba1486788b0490a235422264426c45848eac35c6
https://github.com/redhat-developer/app-services-cli/blob/main/.github/workflows/release.yml, craicoverflow/install-git-chglog@v1, craicoverflow/install-git-chglog@6d338c1d96dcbf12a2115fbe8e5b9817293aae33
https://github.com/redhat-developer/app-services-cli/blob/main/.github/workflows/release.yml, goreleaser/goreleaser-action@v3, goreleaser/goreleaser-action@b508e2e3ef3b19d4e4146d4f8fb3ba9db644a757
https://github.com/redhat-developer/app-services-cli/blob/main/.github/workflows/release.yml, goreleaser/goreleaser-action@v3, goreleaser/goreleaser-action@b508e2e3ef3b19d4e4146d4f8fb3ba9db644a757
https://github.com/redhat-developer/app-services-cli/blob/main/.github/workflows/release.yml, peter-evans/repository-dispatch@v2, peter-evans/repository-dispatch@26b39ed245ab8f31526069329e112ab2fb224588
https://github.com/redhat-developer/app-services-guides/blob/main/.github/workflows/modular-docs-check.yml, ruby/setup-ruby@v1, ruby/setup-ruby@ee26e27437bde475b19a6bf8cb73c9fa658876a2
https://github.com/redhat-developer/app-services-guides/blob/main/.github/workflows/modular-docs-publish.yml, ruby/setup-ruby@v1, ruby/setup-ruby@ee26e27437bde475b19a6bf8cb73c9fa658876a2
https://github.com/redhat-developer/app-services-guides/blob/main/.github/workflows/modular-docs-publish.yml, JamesIves/github-pages-deploy-action@4.1.5, JamesIves/github-pages-deploy-action@0f24da7de3e7e135102609a4c9633b025be8411b
https://github.com/redhat-developer/app-services-operator/blob/main/.github/workflows/changelog.yaml, craicoverflow/install-git-chglog@v1, craicoverflow/install-git-chglog@6d338c1d96dcbf12a2115fbe8e5b9817293aae33
https://github.com/redhat-developer/app-services-operator/blob/main/.github/workflows/changelog.yaml, stefanzweifel/git-auto-commit-action@v4, stefanzweifel/git-auto-commit-action@3ea6ae190baf489ba007f7c92608f33ce20ef04a
https://github.com/redhat-developer/app-services-operator/blob/main/.github/workflows/enforce_conventional_commit.yml, wagoid/commitlint-github-action@v2, wagoid/commitlint-github-action@4b1bcb1c72f99fbd6aa6b34cc3fb59200f01f993
https://github.com/redhat-developer/app-services-operator/blob/main/.github/workflows/issue-labeler.yml, github/issue-labeler@v2.4, github/issue-labeler@829a8bf1b184f74cc575b5435093a92c7b846983
https://github.com/redhat-developer/app-services-operator/blob/main/.github/workflows/release.yml, ad-m/github-push-action@master, ad-m/github-push-action@0fafdd62b84042d49ec0cb92d9cac7f7ce4ec79e
https://github.com/redhat-developer/app-services-operator/blob/main/.github/workflows/website.yml, manoelcampos/asciidoctor-ghpages-action@v2, manoelcampos/asciidoctor-ghpages-action@9527ff583929b1000c23c209123bba4e98a21f08
https://github.com/redhat-developer/app-services-sdk-core/blob/main/.github/workflows/doc-portal.yml, JamesIves/github-pages-deploy-action@4.1.5, JamesIves/github-pages-deploy-action@0f24da7de3e7e135102609a4c9633b025be8411b
https://github.com/redhat-developer/app-services-sdk-core/blob/main/.github/workflows/publish.yaml, rlespinasse/github-slug-action@v4, rlespinasse/github-slug-action@a362e5fb42057a3a23a62218b050838f1bacca5d
https://github.com/redhat-developer/app-services-sdk-core/blob/main/.github/workflows/release-java.yaml, rlespinasse/github-slug-action@v4, rlespinasse/github-slug-action@a362e5fb42057a3a23a62218b050838f1bacca5d
https://github.com/redhat-developer/app-services-sdk-core/blob/main/.github/workflows/release-java.yaml, craicoverflow/install-git-chglog@v1, craicoverflow/install-git-chglog@6d338c1d96dcbf12a2115fbe8e5b9817293aae33
https://github.com/redhat-developer/app-services-sdk-core/blob/main/.github/workflows/release-java.yaml, meeDamian/github-release@2.0, meeDamian/github-release@7ae19492500104f636b3fee4d8103af0fed36c8e
https://github.com/redhat-developer/app-services-sdk-core/blob/main/.github/workflows/sdk-update.yaml, peter-evans/create-pull-request@v4, peter-evans/create-pull-request@2b011faafdcbc9ceb11414d64d0573f37c774b04
https://github.com/redhat-developer/app-services-sdk-go/blob/main/.github/workflows/build_and_validate.yaml, dorny/paths-filter@v2, dorny/paths-filter@4512585405083f25c027a35db413c2b3b9006d50
https://github.com/redhat-developer/app-services-sdk-go/blob/main/.github/workflows/build_and_validate.yaml, golangci/golangci-lint-action@v3, golangci/golangci-lint-action@08e2f20817b15149a52b5b3ebe7de50aff2ba8c5
https://github.com/redhat-developer/app-services-sdk-go/blob/main/.github/workflows/generate.yaml, peter-evans/create-pull-request@v4, peter-evans/create-pull-request@2b011faafdcbc9ceb11414d64d0573f37c774b04
https://github.com/redhat-developer/app-services-sdk-go/blob/main/.github/workflows/generate_errors.yaml, peter-evans/create-pull-request@v4, peter-evans/create-pull-request@2b011faafdcbc9ceb11414d64d0573f37c774b04
https://github.com/redhat-developer/app-services-sdk-go/blob/main/.github/workflows/push_registry_sdk.yaml, peter-evans/repository-dispatch@v2, peter-evans/repository-dispatch@26b39ed245ab8f31526069329e112ab2fb224588
https://github.com/redhat-developer/app-services-sdk-go/blob/main/.github/workflows/push_security_sdk.yaml, peter-evans/repository-dispatch@v2, peter-evans/repository-dispatch@26b39ed245ab8f31526069329e112ab2fb224588
https://github.com/redhat-developer/app-services-sdk-go/blob/main/.github/workflows/update_openapi.yaml, peter-evans/create-pull-request@v4, peter-evans/create-pull-request@2b011faafdcbc9ceb11414d64d0573f37c774b04
https://github.com/redhat-developer/app-services-sdk-java/blob/main/.github/workflows/api-update.yaml, peter-evans/create-pull-request@v4, peter-evans/create-pull-request@2b011faafdcbc9ceb11414d64d0573f37c774b04
https://github.com/redhat-developer/app-services-sdk-java/blob/main/.github/workflows/generate_errors.yaml, peter-evans/create-pull-request@v3, peter-evans/create-pull-request@18f7dc018cc2cd597073088f7c7591b9d1c02672
https://github.com/redhat-developer/app-services-sdk-java/blob/main/.github/workflows/release.yaml, rlespinasse/github-slug-action@v4, rlespinasse/github-slug-action@a362e5fb42057a3a23a62218b050838f1bacca5d
https://github.com/redhat-developer/app-services-sdk-java/blob/main/.github/workflows/release.yaml, craicoverflow/install-git-chglog@v1, craicoverflow/install-git-chglog@6d338c1d96dcbf12a2115fbe8e5b9817293aae33
https://github.com/redhat-developer/app-services-sdk-java/blob/main/.github/workflows/release.yaml, meeDamian/github-release@2.0, meeDamian/github-release@7ae19492500104f636b3fee4d8103af0fed36c8e
https://github.com/redhat-developer/app-services-sdk-js/blob/main/.github/workflows/api-update.yaml, peter-evans/create-pull-request@v4, peter-evans/create-pull-request@2b011faafdcbc9ceb11414d64d0573f37c774b04
https://github.com/redhat-developer/app-services-sdk-js/blob/main/.github/workflows/release.yml, rlespinasse/github-slug-action@v4, rlespinasse/github-slug-action@a362e5fb42057a3a23a62218b050838f1bacca5d
https://github.com/redhat-developer/app-services-sdk-js/blob/main/.github/workflows/release.yml, craicoverflow/install-git-chglog@v1, craicoverflow/install-git-chglog@6d338c1d96dcbf12a2115fbe8e5b9817293aae33
https://github.com/redhat-developer/app-services-sdk-js/blob/main/.github/workflows/release.yml, meeDamian/github-release@2.0, meeDamian/github-release@7ae19492500104f636b3fee4d8103af0fed36c8e
https://github.com/redhat-developer/app-services-sdk-python/blob/main/.github/workflows/generate_clients.yaml, EndBug/add-and-commit@v9.0.1, EndBug/add-and-commit@998652d28d7702d095d40f52ae42982a80ae8c7d
https://github.com/redhat-developer/app-services-sdk-python/blob/main/.github/workflows/release.yaml, rlespinasse/github-slug-action@v4, rlespinasse/github-slug-action@a362e5fb42057a3a23a62218b050838f1bacca5d
https://github.com/redhat-developer/app-services-sdk-python/blob/main/.github/workflows/update_openapi.yaml, peter-evans/create-pull-request@v4, peter-evans/create-pull-request@2b011faafdcbc9ceb11414d64d0573f37c774b04
https://github.com/redhat-developer/app-services-ui-components/blob/main/.github/workflows/lint-pr.yml, amannn/action-semantic-pull-request@v5, amannn/action-semantic-pull-request@01d5fd8a8ebb9aafe902c40c53f0f4744f7381eb
https://github.com/redhat-developer/app-services-ui-components/blob/main/.github/workflows/main.yml, JamesIves/github-pages-deploy-action@v4.4.0, JamesIves/github-pages-deploy-action@13046b614c663b56cba4dda3f30b9736a748b80d
https://github.com/redhat-developer/app-services-ui-components/blob/main/.github/workflows/reusable-build.yml, codecov/codecov-action@v3, codecov/codecov-action@d9f34f8cd5cb3b3eb79b3e4b5dae3a16df499a70
https://github.com/redhat-developer/app-services-ui-components/blob/main/.github/workflows/reusable-build.yml, chromaui/action@v1, chromaui/action@2440d35eb4edc5bb5bd74f08627006e29c7add22
https://github.com/redhat-developer/app-services-ui-components/blob/main/.github/workflows/storybook-to-pages.yml, JamesIves/github-pages-deploy-action@v4.4.0, JamesIves/github-pages-deploy-action@13046b614c663b56cba4dda3f30b9736a748b80d
https://github.com/redhat-developer/application-services-metering-operator/blob/main/.github/workflows/release.yml, ad-m/github-push-action@master, ad-m/github-push-action@0fafdd62b84042d49ec0cb92d9cac7f7ce4ec79e
https://github.com/redhat-developer/application-services-metering-operator/blob/main/.github/workflows/release.yml, ncipollo/release-action@v1, ncipollo/release-action@a2e71bdd4e7dab70ca26a852f29600c98b33153e
https://github.com/redhat-developer/application-services-metering-operator/blob/main/.github/workflows/release.yml, ad-m/github-push-action@master, ad-m/github-push-action@0fafdd62b84042d49ec0cb92d9cac7f7ce4ec79e
https://github.com/redhat-developer/code.quarkus.redhat.com/blob/main/.github/workflows/frontend.preview-actions.yml, dawidd6/action-download-artifact@v2, dawidd6/action-download-artifact@bd10f381a96414ce2b13a11bfa89902ba7cea07f
https://github.com/redhat-developer/code.quarkus.redhat.com/blob/main/.github/workflows/frontend.preview-actions.yml, actions-cool/maintain-one-comment@v1.2.1, actions-cool/maintain-one-comment@ed4d3a59dfe131c1bd46f0d2d57725daad6071d4
https://github.com/redhat-developer/code.quarkus.redhat.com/blob/main/.github/workflows/frontend.preview-actions.yml, actions-cool/maintain-one-comment@v1.2.1, actions-cool/maintain-one-comment@ed4d3a59dfe131c1bd46f0d2d57725daad6071d4
https://github.com/redhat-developer/code.quarkus.redhat.com/blob/main/.github/workflows/frontend.preview-teardown-actions.yml, actions-cool/maintain-one-comment@v1.2.1, actions-cool/maintain-one-comment@ed4d3a59dfe131c1bd46f0d2d57725daad6071d4
https://github.com/redhat-developer/code.quarkus.redhat.com/blob/main/.github/workflows/frontend.test.actions.yml, n1hility/cancel-previous-runs@v2, n1hility/cancel-previous-runs@953c92201f368370112ea2754545cb4468d89f12
https://github.com/redhat-developer/consoledot-e2e/blob/main/.github/workflows/playwright.yml, andstor/file-existence-action@f02338908d150e00a4b8bebc2dad18bd9e5229b0, andstor/file-existence-action@f02338908d150e00a4b8bebc2dad18bd9e5229b0
https://github.com/redhat-developer/consoledot-e2e/blob/main/.github/workflows/playwright.yml, softprops/action-gh-release@1e07f4398721186383de40550babbdf2b84acfc5, softprops/action-gh-release@1e07f4398721186383de40550babbdf2b84acfc5
https://github.com/redhat-developer/consoledot-e2e/blob/main/.github/workflows/playwright.yml, Co-qn/google-chat-notification@b9227d9daa4638c9782a5bd16c4abb86268127a1, Co-qn/google-chat-notification@b9227d9daa4638c9782a5bd16c4abb86268127a1
https://github.com/redhat-developer/devspaces/blob/devspaces-3-rhel-8/.github/workflows/plugin-registry-build.yaml, azure/docker-login@v1, azure/docker-login@83efeb77770c98b620c73055fbb59b2847e17dc0
https://github.com/redhat-developer/devspaces/blob/devspaces-3-rhel-8/.github/workflows/plugin-registry-pr-check-build-publish-content.yaml, dawidd6/action-download-artifact@v2, dawidd6/action-download-artifact@bd10f381a96414ce2b13a11bfa89902ba7cea07f
https://github.com/redhat-developer/devspaces/blob/devspaces-3-rhel-8/.github/workflows/plugin-registry-pr-check-build-publish-content.yaml, dawidd6/action-download-artifact@v2, dawidd6/action-download-artifact@bd10f381a96414ce2b13a11bfa89902ba7cea07f
https://github.com/redhat-developer/devspaces/blob/devspaces-3-rhel-8/.github/workflows/plugin-registry-pr-check-build-publish-content.yaml, dawidd6/action-download-artifact@v2, dawidd6/action-download-artifact@bd10f381a96414ce2b13a11bfa89902ba7cea07f
https://github.com/redhat-developer/devspaces/blob/devspaces-3-rhel-8/.github/workflows/plugin-registry-pr-check-build.yaml, azure/docker-login@v1, azure/docker-login@83efeb77770c98b620c73055fbb59b2847e17dc0
https://github.com/redhat-developer/devspaces/blob/devspaces-3-rhel-8/.github/workflows/plugin-registry-pr-check-build.yaml, azure/docker-login@v1, azure/docker-login@83efeb77770c98b620c73055fbb59b2847e17dc0
https://github.com/redhat-developer/devspaces/blob/devspaces-3-rhel-8/.github/workflows/pr-check-linelint.yaml, fernandrone/linelint@0.0.6, fernandrone/linelint@7907a5dca0c28ea7dd05c6d8d8cacded713aca11
https://github.com/redhat-developer/devspaces-vscode-extensions/blob/main/.github/workflows/extension-build-publish.yaml, mathieudutour/github-tag-action@v5, mathieudutour/github-tag-action@1bab3ab0712cafa42b54c512453487b89bb06504
https://github.com/redhat-developer/devspaces-vscode-extensions/blob/main/.github/workflows/extension-build-publish.yaml, softprops/action-gh-release@v1, softprops/action-gh-release@de2c0eb89ae2a093876385947365aca7b0e5f844
https://github.com/redhat-developer/gitops-backend/blob/master/.github/workflows/golangci-lint.yml, golangci/golangci-lint-action@v2, golangci/golangci-lint-action@5c56cd6c9dc07901af25baab6f2b0d9f3b7c3018
https://github.com/redhat-developer/gitops-generator/blob/main/.github/workflows/codecov.yml, codecov/codecov-action@v2.1.0, codecov/codecov-action@f32b3a3741e1053eb607407145bc9619351dc93b
https://github.com/redhat-developer/gitops-generator/blob/main/.github/workflows/pr.yml, codecov/codecov-action@v2.1.0, codecov/codecov-action@f32b3a3741e1053eb607407145bc9619351dc93b
https://github.com/redhat-developer/gitops-generator/blob/main/.github/workflows/pr.yml, codecov/codecov-action@v2.1.0, codecov/codecov-action@f32b3a3741e1053eb607407145bc9619351dc93b
https://github.com/redhat-developer/helm-dump/blob/main/.github/workflows/release.yml, sergeysova/jq-action@v2, sergeysova/jq-action@acfe8e31f0c7ba4225e7155f66996fad20cdc3af
https://github.com/redhat-developer/helm-dump/blob/main/.github/workflows/release.yml, goreleaser/goreleaser-action@v2, goreleaser/goreleaser-action@b953231f81b8dfd023c58e0854a721e35037f28b
https://github.com/redhat-developer/helm-dump/blob/main/.github/workflows/release.yml, goreleaser/goreleaser-action@v2, goreleaser/goreleaser-action@b953231f81b8dfd023c58e0854a721e35037f28b
https://github.com/redhat-developer/helm-dump/blob/main/.github/workflows/release.yml, svenstaro/upload-release-action@v2, svenstaro/upload-release-action@2728235f7dc9ff598bd86ce3c274b74f802d2208
https://github.com/redhat-developer/intellij-common/blob/main/.github/workflows/conventionalCheck.yml, amannn/action-semantic-pull-request@v3.1.0, amannn/action-semantic-pull-request@d2ab30dcffc66150340abb5b947d518a3c3ce9cb
https://github.com/redhat-developer/intellij-common/blob/main/.github/workflows/release.yml, lstocchi/simple-conventional-changelog@0.0.11, lstocchi/simple-conventional-changelog@13071c09073f5deddf03d44d9af6a8b0f81ef227
https://github.com/redhat-developer/intellij-dependency-analytics/blob/main/.github/workflows/conventionalCheck.yml, amannn/action-semantic-pull-request@v3.1.0, amannn/action-semantic-pull-request@d2ab30dcffc66150340abb5b947d518a3c3ce9cb
https://github.com/redhat-developer/intellij-dependency-analytics/blob/main/.github/workflows/release.yml, lstocchi/simple-conventional-changelog@0.0.11, lstocchi/simple-conventional-changelog@13071c09073f5deddf03d44d9af6a8b0f81ef227
https://github.com/redhat-developer/intellij-knative/blob/main/.github/workflows/ci.yml, engineerd/setup-kind@v0.5.0, engineerd/setup-kind@aa272fe2a7309878ffc2a81c56cfe3ef108ae7d0
https://github.com/redhat-developer/intellij-knative/blob/main/.github/workflows/conventionalCheck.yml, amannn/action-semantic-pull-request@v3.1.0, amannn/action-semantic-pull-request@d2ab30dcffc66150340abb5b947d518a3c3ce9cb
https://github.com/redhat-developer/intellij-knative/blob/main/.github/workflows/release.yml, lstocchi/simple-conventional-changelog@0.0.11, lstocchi/simple-conventional-changelog@13071c09073f5deddf03d44d9af6a8b0f81ef227
Error analyzing https://github.com/redhat-developer/intellij-kubernetes
https://github.com/redhat-developer/intellij-openshift-connector/blob/main/.github/workflows/ci.yml, engineerd/setup-kind@v0.5.0, engineerd/setup-kind@aa272fe2a7309878ffc2a81c56cfe3ef108ae7d0
https://github.com/redhat-developer/intellij-openshift-connector/blob/main/.github/workflows/conventionalCheck.yml, amannn/action-semantic-pull-request@v3.1.0, amannn/action-semantic-pull-request@d2ab30dcffc66150340abb5b947d518a3c3ce9cb
https://github.com/redhat-developer/intellij-openshift-connector/blob/main/.github/workflows/publish_reports.yml, scacap/action-surefire-report@v1, scacap/action-surefire-report@be8172cc301d1805659f46260815db3e9ad574b2
https://github.com/redhat-developer/intellij-openshift-connector/blob/main/.github/workflows/release.yml, lstocchi/simple-conventional-changelog@0.0.11, lstocchi/simple-conventional-changelog@13071c09073f5deddf03d44d9af6a8b0f81ef227
Error analyzing https://github.com/redhat-developer/intellij-quarkus
https://github.com/redhat-developer/intellij-redhat-telemetry/blob/main/.github/workflows/conventionalCheck.yml, amannn/action-semantic-pull-request@v3.1.0, amannn/action-semantic-pull-request@d2ab30dcffc66150340abb5b947d518a3c3ce9cb
https://github.com/redhat-developer/intellij-redhat-telemetry/blob/main/.github/workflows/release.yml, lstocchi/simple-conventional-changelog@0.0.6, lstocchi/simple-conventional-changelog@6d1e7245f5829b6d5130f9f5525096f307754e52
Error analyzing https://github.com/redhat-developer/intellij-rsp
https://github.com/redhat-developer/intellij-tekton/blob/main/.github/workflows/changelog.yml, lstocchi/simple-conventional-changelog@0.0.11, lstocchi/simple-conventional-changelog@13071c09073f5deddf03d44d9af6a8b0f81ef227
https://github.com/redhat-developer/intellij-tekton/blob/main/.github/workflows/ci.yml, engineerd/setup-kind@v0.5.0, engineerd/setup-kind@aa272fe2a7309878ffc2a81c56cfe3ef108ae7d0
https://github.com/redhat-developer/intellij-tekton/blob/main/.github/workflows/conventionalCheck.yml, amannn/action-semantic-pull-request@v3.1.0, amannn/action-semantic-pull-request@d2ab30dcffc66150340abb5b947d518a3c3ce9cb
https://github.com/redhat-developer/intellij-tekton/blob/main/.github/workflows/draftGenerator.yml, lstocchi/simple-conventional-changelog@0.0.11, lstocchi/simple-conventional-changelog@13071c09073f5deddf03d44d9af6a8b0f81ef227
https://github.com/redhat-developer/intellij-tekton/blob/main/.github/workflows/release.yml, lstocchi/simple-conventional-changelog@0.0.11, lstocchi/simple-conventional-changelog@13071c09073f5deddf03d44d9af6a8b0f81ef227
Error analyzing https://github.com/redhat-developer/jenkins-image-builder
https://github.com/redhat-developer/jenkins-operator/blob/main/.github/workflows/ci.yml, medyagh/setup-minikube@master, medyagh/setup-minikube@ab221dee176f8eabd8deddf849b5bf1d6244a6e8
https://github.com/redhat-developer/jenkins-operator/blob/main/.github/workflows/ci.yml, codecov/codecov-action@v1.1.1, codecov/codecov-action@1fc7722ded4708880a5aea49f2bfafb9336f0c8d
https://github.com/redhat-developer/jetbrains-editor-images/blob/master/.github/workflows/build-publish.yml, azure/docker-login@v1, azure/docker-login@83efeb77770c98b620c73055fbb59b2847e17dc0
https://github.com/redhat-developer/jetbrains-editor-images/blob/master/.github/workflows/build-publish.yml, crazy-max/ghaction-docker-buildx@v3.3.0, crazy-max/ghaction-docker-buildx@bb77f35f7a82f54fcda51000ea4e4467825014fd
https://github.com/redhat-developer/jetbrains-editor-images/blob/master/.github/workflows/pr-check.yaml, crazy-max/ghaction-docker-buildx@v3.3.0, crazy-max/ghaction-docker-buildx@bb77f35f7a82f54fcda51000ea4e4467825014fd
https://github.com/redhat-developer/k8s-sidecar/blob/master/.github/workflows/main.yaml, anothrNick/github-tag-action@1.34.0, anothrNick/github-tag-action@18284c78f6ac68868d5341f57c4f971fb5b7605c
https://github.com/redhat-developer/kam/blob/master/.github/workflows/ci-build.yml, codecov/codecov-action@v1, codecov/codecov-action@29386c70ef20e286228c72b668a06fd0e8399192
https://github.com/redhat-developer/observability-operator/blob/main/.github/workflows/pr-check.yaml, codecov/codecov-action@v3.1.0, codecov/codecov-action@81cd2dc8148241f03f5839d295e000b8f761e378
https://github.com/redhat-developer/oc-helm/blob/main/.github/workflows/ci.yml, softprops/action-gh-release@v1, softprops/action-gh-release@de2c0eb89ae2a093876385947365aca7b0e5f844
https://github.com/redhat-developer/oc-helm/blob/main/.github/workflows/ci.yml, svenstaro/upload-release-action@v2, svenstaro/upload-release-action@2728235f7dc9ff598bd86ce3c274b74f802d2208
https://github.com/redhat-developer/odo/blob/main/.github/workflows/build-push-ibm-image.yaml, redhat-actions/buildah-build@v2, redhat-actions/buildah-build@3e3409a0324de94ae9e740122c436c7967f474e2
https://github.com/redhat-developer/odo/blob/main/.github/workflows/build-push-ibm-image.yaml, redhat-actions/push-to-registry@v2, redhat-actions/push-to-registry@9e8327fcde18a44143eda2e7dfe68eca01aeeeea
https://github.com/redhat-developer/odo/blob/main/.github/workflows/issue-management.yaml, andymckay/labeler@3a4296e9dcdf9576b0456050db78cfd34853f260, andymckay/labeler@3a4296e9dcdf9576b0456050db78cfd34853f260
https://github.com/redhat-developer/odo-init-image/blob/master/.github/workflows/odo-init-test.yml, redhat-actions/buildah-build@v2, redhat-actions/buildah-build@3e3409a0324de94ae9e740122c436c7967f474e2
https://github.com/redhat-developer/odo-init-image/blob/master/.github/workflows/odo-init-test.yml, redhat-actions/push-to-registry@v2, redhat-actions/push-to-registry@9e8327fcde18a44143eda2e7dfe68eca01aeeeea
https://github.com/redhat-developer/odo-init-image/blob/master/.github/workflows/odo-init-test.yml, redhat-actions/oc-installer@v1, redhat-actions/oc-installer@05af0974d0953def85e03b17b8d918ac4026d22d
https://github.com/redhat-developer/odo-init-image/blob/master/.github/workflows/odo-init-test.yml, redhat-actions/oc-login@v1, redhat-actions/oc-login@56d1810bbb29d7a0ea9783f8b3ee790c15de7bde
https://github.com/redhat-developer/openshift-dd-ext/blob/main/.github/workflows/ci.yaml, GabrielBB/xvfb-action@v1.0, GabrielBB/xvfb-action@fe2609f8182a9ed5aee7d53ff3ed04098a904df2
https://github.com/redhat-developer/patternfly-elements/blob/master/.github/workflows/automerge.yml, fountainhead/action-wait-for-check@v1.0.0, fountainhead/action-wait-for-check@4699210ccc66e2a13260803fadbb77085421b891
https://github.com/redhat-developer/patternfly-elements/blob/master/.github/workflows/automerge.yml, pascalgn/automerge-action@4536e8847eb62fe2f0ee52c8fa92d17aa97f932f, pascalgn/automerge-action@4536e8847eb62fe2f0ee52c8fa92d17aa97f932f
https://github.com/redhat-developer/patternfly-elements/blob/master/.github/workflows/autoupdate.yml, chinthakagodawita/autoupdate-action@v0.1.4, chinthakagodawita/autoupdate-action@699da47083dddb66e5f5d2d48825b2e375a1d6c3
https://github.com/redhat-developer/patternfly-elements/blob/master/.github/workflows/label.yml, actions-ecosystem/action-add-labels@v1, actions-ecosystem/action-add-labels@18f1af5e3544586314bbe15c0273249c770b2daf
https://github.com/redhat-developer/patternfly-elements/blob/master/.github/workflows/label.yml, actions-ecosystem/action-add-labels@v1, actions-ecosystem/action-add-labels@18f1af5e3544586314bbe15c0273249c770b2daf
https://github.com/redhat-developer/patternfly-elements/blob/master/.github/workflows/project.yml, takanabe/github-actions-automate-projects@v0.0.1, takanabe/github-actions-automate-projects@150a339e20050890efd49d37696fee9f21657459
https://github.com/redhat-developer/patternfly-elements/blob/master/.github/workflows/project.yml, takanabe/github-actions-automate-projects@v0.0.1, takanabe/github-actions-automate-projects@150a339e20050890efd49d37696fee9f21657459
https://github.com/redhat-developer/patternfly-elements/blob/master/.github/workflows/project.yml, takanabe/github-actions-automate-projects@v0.0.1, takanabe/github-actions-automate-projects@150a339e20050890efd49d37696fee9f21657459
https://github.com/redhat-developer/patternfly-elements/blob/master/.github/workflows/project.yml, takanabe/github-actions-automate-projects@v0.0.1, takanabe/github-actions-automate-projects@150a339e20050890efd49d37696fee9f21657459
https://github.com/redhat-developer/patternfly-elements/blob/master/.github/workflows/project.yml, takanabe/github-actions-automate-projects@v0.0.1, takanabe/github-actions-automate-projects@150a339e20050890efd49d37696fee9f21657459
https://github.com/redhat-developer/redhat-helm-charts/blob/master/.github/workflows/ci.yml, github-actions-up-and-running/pr-comment@v1.0.1, github-actions-up-and-running/pr-comment@f1f8ab2bf00dce6880a369ce08758a60c61d6c0b
https://github.com/redhat-developer/rhosak-ui/blob/main/.github/workflows/lint-pr.yml, amannn/action-semantic-pull-request@v5, amannn/action-semantic-pull-request@01d5fd8a8ebb9aafe902c40c53f0f4744f7381eb
https://github.com/redhat-developer/rhosak-ui/blob/main/.github/workflows/main.yml, JamesIves/github-pages-deploy-action@v4.4.1, JamesIves/github-pages-deploy-action@ba1486788b0490a235422264426c45848eac35c6
https://github.com/redhat-developer/rhosak-ui/blob/main/.github/workflows/reusable-build.yml, codecov/codecov-action@v3, codecov/codecov-action@d9f34f8cd5cb3b3eb79b3e4b5dae3a16df499a70
https://github.com/redhat-developer/rhosak-ui/blob/main/.github/workflows/reusable-build.yml, chromaui/action@v1, chromaui/action@2440d35eb4edc5bb5bd74f08627006e29c7add22
https://github.com/redhat-developer/rhosak-ui/blob/main/.github/workflows/storybook-to-pages.yml, JamesIves/github-pages-deploy-action@v4.4.1, JamesIves/github-pages-deploy-action@ba1486788b0490a235422264426c45848eac35c6
https://github.com/redhat-developer/rsp-server-community/blob/master/.github/workflows/actions.yml, GabrielBB/xvfb-action@v1.4, GabrielBB/xvfb-action@f040be23a619e5ec34116f24098ad3626ceab681
https://github.com/redhat-developer/rsp-server-community/blob/master/.github/workflows/actions.yml, GabrielBB/xvfb-action@v1.4, GabrielBB/xvfb-action@f040be23a619e5ec34116f24098ad3626ceab681
https://github.com/redhat-developer/rsp-server-community/blob/master/.github/workflows/release.yml, GabrielBB/xvfb-action@v1.4, GabrielBB/xvfb-action@f040be23a619e5ec34116f24098ad3626ceab681
https://github.com/redhat-developer/rsp-server-community/blob/master/.github/workflows/release.yml, martinbeentjes/npm-get-version-action@v1.1.0, martinbeentjes/npm-get-version-action@95bc31c6dd3145896c110e382f840bb1e750d09c
https://github.com/redhat-developer/rsp-server-community/blob/master/.github/workflows/release.yml, HaaLeo/publish-vscode-extension@v0, HaaLeo/publish-vscode-extension@aae4c55fd9e724685834ff0a9488ad57c8f3ecf1
https://github.com/redhat-developer/service-binding-operator/blob/master/.github/workflows/merge-to-master.yaml, codecov/codecov-action@v3, codecov/codecov-action@d9f34f8cd5cb3b3eb79b3e4b5dae3a16df499a70
https://github.com/redhat-developer/service-binding-operator/blob/master/.github/workflows/merge-to-master.yaml, peaceiris/actions-gh-pages@v3, peaceiris/actions-gh-pages@bd8c6b06eba6b3d25d72b7a1767993c0aeee42e7
https://github.com/redhat-developer/service-binding-operator/blob/master/.github/workflows/merge-to-master.yaml, lewagon/wait-on-check-action@3a563271c3f8d1611ed7352809303617ee7e54ac, lewagon/wait-on-check-action@3a563271c3f8d1611ed7352809303617ee7e54ac
https://github.com/redhat-developer/service-binding-operator/blob/master/.github/workflows/merge-to-master.yaml, aquasecurity/trivy-action@master, aquasecurity/trivy-action@9ab158e8597f3b310480b9a69402b419bc03dbd5
https://github.com/redhat-developer/service-binding-operator/blob/master/.github/workflows/merge-to-release-branch.yaml, codecov/codecov-action@v3, codecov/codecov-action@d9f34f8cd5cb3b3eb79b3e4b5dae3a16df499a70
https://github.com/redhat-developer/service-binding-operator/blob/master/.github/workflows/merge-to-release-branch.yaml, lewagon/wait-on-check-action@3a563271c3f8d1611ed7352809303617ee7e54ac, lewagon/wait-on-check-action@3a563271c3f8d1611ed7352809303617ee7e54ac
https://github.com/redhat-developer/service-binding-operator/blob/master/.github/workflows/merge-to-release-branch.yaml, aquasecurity/trivy-action@master, aquasecurity/trivy-action@9ab158e8597f3b310480b9a69402b419bc03dbd5
https://github.com/redhat-developer/service-binding-operator/blob/master/.github/workflows/pr-checks-push-images.yaml, lewagon/wait-on-check-action@3a563271c3f8d1611ed7352809303617ee7e54ac, lewagon/wait-on-check-action@3a563271c3f8d1611ed7352809303617ee7e54ac
https://github.com/redhat-developer/service-binding-operator/blob/master/.github/workflows/pr-checks-push-images.yaml, pmacik/action-download-multiple-artifacts@node16, pmacik/action-download-multiple-artifacts@d5a97e5ca4863fd85690e0df73816c312c27de4b
https://github.com/redhat-developer/service-binding-operator/blob/master/.github/workflows/pr-checks.yaml, codecov/codecov-action@v3, codecov/codecov-action@d9f34f8cd5cb3b3eb79b3e4b5dae3a16df499a70
https://github.com/redhat-developer/service-binding-operator/blob/master/.github/workflows/pr-checks.yaml, lewagon/wait-on-check-action@3a563271c3f8d1611ed7352809303617ee7e54ac, lewagon/wait-on-check-action@3a563271c3f8d1611ed7352809303617ee7e54ac
https://github.com/redhat-developer/service-binding-operator/blob/master/.github/workflows/pr-checks.yaml, pmacik/action-download-multiple-artifacts@node16, pmacik/action-download-multiple-artifacts@d5a97e5ca4863fd85690e0df73816c312c27de4b
https://github.com/redhat-developer/service-binding-operator/blob/master/.github/workflows/pr-checks.yaml, testspace-com/setup-testspace@v1, testspace-com/setup-testspace@ee1482f978eb5010ec27b6f6372904f01f2edd68
https://github.com/redhat-developer/service-binding-operator/blob/master/.github/workflows/pr-checks.yaml, lewagon/wait-on-check-action@3a563271c3f8d1611ed7352809303617ee7e54ac, lewagon/wait-on-check-action@3a563271c3f8d1611ed7352809303617ee7e54ac
https://github.com/redhat-developer/service-binding-operator/blob/master/.github/workflows/pr-checks.yaml, pmacik/action-download-multiple-artifacts@node16, pmacik/action-download-multiple-artifacts@d5a97e5ca4863fd85690e0df73816c312c27de4b
https://github.com/redhat-developer/service-binding-operator/blob/master/.github/workflows/pr-checks.yaml, testspace-com/setup-testspace@v1, testspace-com/setup-testspace@ee1482f978eb5010ec27b6f6372904f01f2edd68
https://github.com/redhat-developer/service-binding-operator/blob/master/.github/workflows/pr-checks.yaml, lewagon/wait-on-check-action@3a563271c3f8d1611ed7352809303617ee7e54ac, lewagon/wait-on-check-action@3a563271c3f8d1611ed7352809303617ee7e54ac
https://github.com/redhat-developer/service-binding-operator/blob/master/.github/workflows/pr-checks.yaml, pmacik/action-download-multiple-artifacts@node16, pmacik/action-download-multiple-artifacts@d5a97e5ca4863fd85690e0df73816c312c27de4b
https://github.com/redhat-developer/service-binding-operator/blob/master/.github/workflows/pr-checks.yaml, testspace-com/setup-testspace@v1, testspace-com/setup-testspace@ee1482f978eb5010ec27b6f6372904f01f2edd68
https://github.com/redhat-developer/service-binding-operator/blob/master/.github/workflows/pr-checks.yaml, lewagon/wait-on-check-action@3a563271c3f8d1611ed7352809303617ee7e54ac, lewagon/wait-on-check-action@3a563271c3f8d1611ed7352809303617ee7e54ac
https://github.com/redhat-developer/service-binding-operator/blob/master/.github/workflows/pr-checks.yaml, pmacik/action-download-multiple-artifacts@node16, pmacik/action-download-multiple-artifacts@d5a97e5ca4863fd85690e0df73816c312c27de4b
https://github.com/redhat-developer/service-binding-operator/blob/master/.github/workflows/pr-checks.yaml, testspace-com/setup-testspace@v1, testspace-com/setup-testspace@ee1482f978eb5010ec27b6f6372904f01f2edd68
https://github.com/redhat-developer/service-binding-operator/blob/master/.github/workflows/pr-checks.yaml, lewagon/wait-on-check-action@3a563271c3f8d1611ed7352809303617ee7e54ac, lewagon/wait-on-check-action@3a563271c3f8d1611ed7352809303617ee7e54ac
https://github.com/redhat-developer/service-binding-operator/blob/master/.github/workflows/pr-checks.yaml, pmacik/action-download-multiple-artifacts@node16, pmacik/action-download-multiple-artifacts@d5a97e5ca4863fd85690e0df73816c312c27de4b
https://github.com/redhat-developer/service-binding-operator/blob/master/.github/workflows/pr-checks.yaml, testspace-com/setup-testspace@v1, testspace-com/setup-testspace@ee1482f978eb5010ec27b6f6372904f01f2edd68
https://github.com/redhat-developer/service-binding-operator/blob/master/.github/workflows/pr-checks.yaml, lewagon/wait-on-check-action@3a563271c3f8d1611ed7352809303617ee7e54ac, lewagon/wait-on-check-action@3a563271c3f8d1611ed7352809303617ee7e54ac
https://github.com/redhat-developer/service-binding-operator/blob/master/.github/workflows/pr-checks.yaml, pmacik/action-download-multiple-artifacts@node16, pmacik/action-download-multiple-artifacts@d5a97e5ca4863fd85690e0df73816c312c27de4b
https://github.com/redhat-developer/service-binding-operator/blob/master/.github/workflows/pr-checks.yaml, testspace-com/setup-testspace@v1, testspace-com/setup-testspace@ee1482f978eb5010ec27b6f6372904f01f2edd68
https://github.com/redhat-developer/service-binding-operator/blob/master/.github/workflows/pr-checks.yaml, lewagon/wait-on-check-action@3a563271c3f8d1611ed7352809303617ee7e54ac, lewagon/wait-on-check-action@3a563271c3f8d1611ed7352809303617ee7e54ac
https://github.com/redhat-developer/service-binding-operator/blob/master/.github/workflows/pr-checks.yaml, pmacik/action-download-multiple-artifacts@node16, pmacik/action-download-multiple-artifacts@d5a97e5ca4863fd85690e0df73816c312c27de4b
https://github.com/redhat-developer/service-binding-operator/blob/master/.github/workflows/pr-checks.yaml, aquasecurity/trivy-action@master, aquasecurity/trivy-action@9ab158e8597f3b310480b9a69402b419bc03dbd5
https://github.com/redhat-developer/service-binding-operator/blob/master/.github/workflows/pr-checks.yaml, securego/gosec@v2.14.0, securego/gosec@1af1d5bb49259b62e45c505db397dd2ada5d74f8
https://github.com/redhat-developer/service-binding-operator/blob/master/.github/workflows/pr-cherry-picks.yaml, webfactory/ssh-agent@v0.5.4, webfactory/ssh-agent@fc49353b67b2b7c1e0e6a600572d01a69f2672dd
https://github.com/redhat-developer/service-binding-operator/blob/master/.github/workflows/pr-cherry-picks.yaml, pmacik/github-cherry-pick-action@main, pmacik/github-cherry-pick-action@8dcbeacb35b51706f9dc209a5944159baf3e0288
https://github.com/redhat-developer/service-binding-operator/blob/master/.github/workflows/pr-cherry-picks.yaml, webfactory/ssh-agent@v0.5.4, webfactory/ssh-agent@fc49353b67b2b7c1e0e6a600572d01a69f2672dd
https://github.com/redhat-developer/service-binding-operator/blob/master/.github/workflows/pr-cherry-picks.yaml, pmacik/github-cherry-pick-action@main, pmacik/github-cherry-pick-action@8dcbeacb35b51706f9dc209a5944159baf3e0288
https://github.com/redhat-developer/service-binding-operator/blob/master/.github/workflows/pr-cherry-picks.yaml, webfactory/ssh-agent@v0.5.4, webfactory/ssh-agent@fc49353b67b2b7c1e0e6a600572d01a69f2672dd
https://github.com/redhat-developer/service-binding-operator/blob/master/.github/workflows/pr-cherry-picks.yaml, pmacik/github-cherry-pick-action@main, pmacik/github-cherry-pick-action@8dcbeacb35b51706f9dc209a5944159baf3e0288
https://github.com/redhat-developer/srs-fleet-manager/blob/main/.github/workflows/build-test.yaml, AdoptOpenJDK/install-jdk@v1, AdoptOpenJDK/install-jdk@2f15d3f82051aa50984186fc1184467d0d9f87d0
https://github.com/redhat-developer/srs-fleet-manager/blob/main/.github/workflows/commit_lint.yaml, wagoid/commitlint-github-action@v3, wagoid/commitlint-github-action@baffd3c16c570c0a26bf89be729b81bb796e9bd5
https://github.com/redhat-developer/srs-fleet-manager/blob/main/.github/workflows/openapi_update.yaml, peter-evans/repository-dispatch@v1, peter-evans/repository-dispatch@ce5485de42c9b2622d2ed064be479e8ed65e76f4
https://github.com/redhat-developer/srs-fleet-manager/blob/main/.github/workflows/update-apicurio-deps.yaml, AdoptOpenJDK/install-jdk@v1, AdoptOpenJDK/install-jdk@2f15d3f82051aa50984186fc1184467d0d9f87d0
https://github.com/redhat-developer/srs-fleet-manager/blob/main/.github/workflows/update-apicurio-deps.yaml, peter-evans/create-pull-request@v3, peter-evans/create-pull-request@18f7dc018cc2cd597073088f7c7591b9d1c02672
https://github.com/redhat-developer/terraform-provider-rhoas/blob/main/.github/workflows/build.yml, golangci/golangci-lint-action@v2, golangci/golangci-lint-action@5c56cd6c9dc07901af25baab6f2b0d9f3b7c3018
https://github.com/redhat-developer/terraform-provider-rhoas/blob/main/.github/workflows/release.yml, crazy-max/ghaction-import-gpg@v5, crazy-max/ghaction-import-gpg@111c56156bcc6918c056dbef52164cfa583dc549
https://github.com/redhat-developer/terraform-provider-rhoas/blob/main/.github/workflows/release.yml, goreleaser/goreleaser-action@v3.1.0, goreleaser/goreleaser-action@ff11ca24a9b39f2d36796d1fbd7a4e39c182630a
https://github.com/redhat-developer/vscode-commons/blob/master/.github/workflows/ci.yaml, GabrielBB/xvfb-action@v1.0, GabrielBB/xvfb-action@fe2609f8182a9ed5aee7d53ff3ed04098a904df2
https://github.com/redhat-developer/vscode-java/blob/master/.github/workflows/conflictDetector.yaml, mschilde/auto-label-merge-conflicts@8c6faa8a252e35ba5e15703b3d747bf726cdb95c, mschilde/auto-label-merge-conflicts@8c6faa8a252e35ba5e15703b3d747bf726cdb95c
https://github.com/redhat-developer/vscode-knative/blob/main/.github/workflows/main.yml, GabrielBB/xvfb-action@v1.0, GabrielBB/xvfb-action@fe2609f8182a9ed5aee7d53ff3ed04098a904df2
https://github.com/redhat-developer/vscode-knative/blob/main/.github/workflows/main.yml, GabrielBB/xvfb-action@v1.6, GabrielBB/xvfb-action@86d97bde4a65fe9b290c0b3fb92c2c4ed0e5302d
https://github.com/redhat-developer/vscode-knative/blob/main/.github/workflows/main.yml, codecov/codecov-action@v1, codecov/codecov-action@29386c70ef20e286228c72b668a06fd0e8399192
https://github.com/redhat-developer/vscode-openshift-tools/blob/main/.github/workflows/continuous-integration-workflow.yml, GabrielBB/xvfb-action@v1.0, GabrielBB/xvfb-action@fe2609f8182a9ed5aee7d53ff3ed04098a904df2
https://github.com/redhat-developer/vscode-openshift-tools/blob/main/.github/workflows/continuous-integration-workflow.yml, codecov/codecov-action@v1.0.12, codecov/codecov-action@07127fde53bc3ccd346d47ab2f14c390161ad108
https://github.com/redhat-developer/vscode-openshift-tools/blob/main/.github/workflows/continuous-integration-workflow.yml, GabrielBB/xvfb-action@v1.6, GabrielBB/xvfb-action@86d97bde4a65fe9b290c0b3fb92c2c4ed0e5302d
https://github.com/redhat-developer/vscode-rsp-ui/blob/main/.github/workflows/gh-actions.yml, GabrielBB/xvfb-action@v1.0, GabrielBB/xvfb-action@fe2609f8182a9ed5aee7d53ff3ed04098a904df2
https://github.com/redhat-developer/vscode-rsp-ui/blob/main/.github/workflows/gh-actions.yml, GabrielBB/xvfb-action@v1.6, GabrielBB/xvfb-action@86d97bde4a65fe9b290c0b3fb92c2c4ed0e5302d
https://github.com/redhat-developer/vscode-rsp-ui/blob/main/.github/workflows/gh-actions.yml, codecov/codecov-action@v2, codecov/codecov-action@f32b3a3741e1053eb607407145bc9619351dc93b
https://github.com/redhat-developer/vscode-server-connector/blob/master/.github/workflows/gh-actions.yml, GabrielBB/xvfb-action@v1.0, GabrielBB/xvfb-action@fe2609f8182a9ed5aee7d53ff3ed04098a904df2
https://github.com/redhat-developer/vscode-server-connector/blob/master/.github/workflows/gh-actions.yml, GabrielBB/xvfb-action@v1.0, GabrielBB/xvfb-action@fe2609f8182a9ed5aee7d53ff3ed04098a904df2
https://github.com/redhat-developer/vscode-server-connector/blob/master/.github/workflows/gh-actions.yml, codecov/codecov-action@v2, codecov/codecov-action@f32b3a3741e1053eb607407145bc9619351dc93b
https://github.com/redhat-developer/vscode-tekton/blob/main/.github/workflows/ci-workflow.yml, GabrielBB/xvfb-action@v1.0, GabrielBB/xvfb-action@fe2609f8182a9ed5aee7d53ff3ed04098a904df2
https://github.com/redhat-developer/vscode-tekton/blob/main/.github/workflows/ci-workflow.yml, codecov/codecov-action@v1.0.12, codecov/codecov-action@07127fde53bc3ccd346d47ab2f14c390161ad108
https://github.com/redhat-developer/vscode-xml/blob/main/.github/workflows/native-image.yaml, DeLaGuardo/setup-graalvm@5.0, DeLaGuardo/setup-graalvm@48f2bf339ab7d35e31029b1822a213681fdfc42e
https://github.com/redhat-developer/vscode-xml/blob/main/.github/workflows/native-image.yaml, ilammy/msvc-dev-cmd@v1.10.0, ilammy/msvc-dev-cmd@d8610e2b41c6d0f0c3b4c46dad8df0fd826c68e1
https://github.com/redhat-developer/vscode-xml/blob/main/.github/workflows/native-image.yaml, DeLaGuardo/setup-graalvm@5.0, DeLaGuardo/setup-graalvm@48f2bf339ab7d35e31029b1822a213681fdfc42e
https://github.com/redhat-developer/vscode-xml/blob/main/.github/workflows/native-image.yaml, marvinpinto/action-automatic-releases@latest, marvinpinto/action-automatic-releases@d68defdd11f9dcc7f52f35c1b7c236ee7513bcc1
https://github.com/redhat-developer/vscode-yaml/blob/main/.github/workflows/CI.yaml, GabrielBB/xvfb-action@v1.0, GabrielBB/xvfb-action@fe2609f8182a9ed5aee7d53ff3ed04098a904df2
https://github.com/redhat-developer/vscode-yaml/blob/main/.github/workflows/CI.yaml, GabrielBB/xvfb-action@v1.0, GabrielBB/xvfb-action@fe2609f8182a9ed5aee7d53ff3ed04098a904df2
https://github.com/redhat-developer/yaml-language-server/blob/main/.github/workflows/CI.yaml, GabrielBB/xvfb-action@v1.0, GabrielBB/xvfb-action@fe2609f8182a9ed5aee7d53ff3ed04098a904df2
https://github.com/redhat-developer/yaml-language-server/blob/main/.github/workflows/CI.yaml, coverallsapp/github-action@master, coverallsapp/github-action@3284643be2c47fb6432518ecec17f1255e8a06a6
https://github.com/redhat-developer/yaml-language-server/blob/main/.github/workflows/release.yaml, martinbeentjes/npm-get-version-action@master, martinbeentjes/npm-get-version-action@7aa1d82604bb2dbe377a64ca35e692e6fe333c9c
